country,date,financial_cycle,fc_peak,fc_trough,crisis
AU,1970-01-01,-0.1690296944933769,NA,NA,0
AU,1970-04-01,-0.1667608765024137,NA,NA,0
AU,1970-07-01,-0.16077001188661266,NA,NA,0
AU,1970-10-01,-0.15117324707688418,NA,regular,0
AU,1971-01-01,-0.1381773313326979,NA,NA,0
AU,1971-04-01,-0.12207459292560438,NA,NA,0
AU,1971-07-01,-0.10323537606344572,NA,NA,0
AU,1971-10-01,-0.08209816368861021,NA,NA,0
AU,1972-01-01,-0.05915768682784177,NA,NA,0
AU,1972-04-01,-0.03495138701675002,NA,NA,0
AU,1972-07-01,-0.010044652185582176,NA,NA,0
AU,1972-10-01,0.014984713609389272,NA,NA,0
AU,1973-01-01,0.03956230150738449,NA,NA,0
AU,1973-04-01,0.0631326965741422,NA,NA,0
AU,1973-07-01,0.08517437827220642,NA,NA,0
AU,1973-10-01,0.10521346125867365,NA,NA,0
AU,1974-01-01,0.12283585484792253,NA,NA,0
AU,1974-04-01,0.13769747338279498,NA,NA,0
AU,1974-07-01,0.14953219599015471,NA,NA,0
AU,1974-10-01,0.15815735049137797,NA,NA,0
AU,1975-01-01,0.1634765799738212,regular,NA,0
AU,1975-04-01,0.16548003881766793,NA,NA,0
AU,1975-07-01,0.16424195475919545,NA,NA,0
AU,1975-10-01,0.1599156817418258,NA,NA,0
AU,1976-01-01,0.15272645179491667,NA,NA,0
AU,1976-04-01,0.14296211007890353,NA,NA,0
AU,1976-07-01,0.130962182896197,NA,NA,0
AU,1976-10-01,0.11710568159684981,NA,NA,0
AU,1977-01-01,0.10179808405004864,NA,NA,0
AU,1977-04-01,0.08545795835473796,NA,NA,0
AU,1977-07-01,0.06850369992683339,NA,NA,0
AU,1977-10-01,0.051340842812506726,NA,NA,0
AU,1978-01-01,0.034350379416973525,NA,NA,0
AU,1978-04-01,0.017878480769038307,NA,NA,0
AU,1978-07-01,0.002227953477233452,NA,NA,0
AU,1978-10-01,-0.01234829831308562,NA,NA,0
AU,1979-01-01,-0.02565161493802956,NA,NA,0
AU,1979-04-01,-0.03753962012289552,NA,NA,0
AU,1979-07-01,-0.04792593724940446,NA,NA,0
AU,1979-10-01,-0.05677765145398707,NA,NA,0
AU,1980-01-01,-0.06411067127604253,NA,NA,0
AU,1980-04-01,-0.06998322295668818,NA,NA,0
AU,1980-07-01,-0.0744877810920303,NA,NA,0
AU,1980-10-01,-0.07774179856281664,NA,NA,0
AU,1981-01-01,-0.07987764428655746,NA,NA,0
AU,1981-04-01,-0.08103218764180027,NA,NA,0
AU,1981-07-01,-0.08133648221569899,NA,NA,0
AU,1981-10-01,-0.08090599823480783,NA,NA,0
AU,1982-01-01,-0.07983183268034844,NA,NA,0
AU,1982-04-01,-0.07817328930685034,NA,NA,0
AU,1982-07-01,-0.07595216882035309,NA,NA,0
AU,1982-10-01,-0.073149044131447,NA,NA,0
AU,1983-01-01,-0.0697017191795598,NA,NA,0
AU,1983-04-01,-0.06550598504744405,NA,NA,0
AU,1983-07-01,-0.0604186969928836,NA,NA,0
AU,1983-10-01,-0.054263103880463195,NA,NA,0
AU,1984-01-01,-0.04683627066510272,NA,NA,0
AU,1984-04-01,-0.037918348409693575,NA,NA,0
AU,1984-07-01,-0.02728336802396525,NA,NA,0
AU,1984-10-01,-0.014711166450818353,NA,NA,0
AU,1985-01-01,0,NA,NA,0
AU,1985-04-01,0.017020638918342573,NA,NA,0
AU,1985-07-01,0.036477506667562415,NA,NA,0
AU,1985-10-01,0.058441902935123996,NA,NA,0
AU,1986-01-01,0.08291926752192541,NA,NA,0
AU,1986-04-01,0.10984053814284028,NA,NA,0
AU,1986-07-01,0.1390556768802625,NA,NA,0
AU,1986-10-01,0.1703297060282593,NA,NA,0
AU,1987-01-01,0.2033415135323408,NA,NA,0
AU,1987-04-01,0.23768559672080436,NA,NA,0
AU,1987-07-01,0.27287681360841537,NA,NA,0
AU,1987-10-01,0.30835810711640377,NA,NA,0
AU,1988-01-01,0.3435110626773621,NA,NA,0
AU,1988-04-01,0.3776690575373056,NA,NA,0
AU,1988-07-01,0.4101326642349561,NA,NA,0
AU,1988-10-01,0.44018688465633926,NA,NA,0
AU,1989-01-01,0.4671197178569685,NA,NA,0
AU,1989-04-01,0.49024150722854176,NA,NA,0
AU,1989-07-01,0.5089044727667565,NA,NA,0
AU,1989-10-01,0.5225218137854396,weak,NA,1
AU,1990-01-01,0.530585767381761,NA,NA,0
AU,1990-04-01,0.5326840285593017,NA,NA,0
AU,1990-07-01,0.5285139787257922,NA,NA,0
AU,1990-10-01,0.5178942291693719,NA,NA,0
AU,1991-01-01,0.5007730632868709,NA,NA,0
AU,1991-04-01,0.4772334533886402,NA,NA,0
AU,1991-07-01,0.447494431906591,NA,NA,0
AU,1991-10-01,0.41190870942253255,NA,NA,0
AU,1992-01-01,0.37095654942937784,NA,NA,0
AU,1992-04-01,0.32523602825823816,NA,NA,0
AU,1992-07-01,0.27544992420434544,NA,NA,0
AU,1992-10-01,0.22238958868716885,NA,NA,0
AU,1993-01-01,0.16691625060940518,NA,NA,0
AU,1993-04-01,0.10994028958764818,NA,NA,0
AU,1993-07-01,0.05239908150981662,NA,NA,0
AU,1993-10-01,-0.004765931429250442,NA,NA,0
AU,1994-01-01,-0.060632266184795114,NA,NA,0
AU,1994-04-01,-0.11431883376621482,NA,NA,0
AU,1994-07-01,-0.1650071137028511,NA,NA,0
AU,1994-10-01,-0.21196043609559553,NA,NA,0
AU,1995-01-01,-0.2545407977792523,NA,NA,0
AU,1995-04-01,-0.2922227163604092,NA,NA,0
AU,1995-07-01,-0.324603719387535,NA,NA,0
AU,1995-10-01,-0.3514111726147624,NA,NA,0
AU,1996-01-01,-0.3725052677472932,NA,NA,0
AU,1996-04-01,-0.38787811237847536,NA,regular,0
AU,1996-07-01,-0.3976489890134064,NA,NA,0
AU,1996-10-01,-0.40205597201727483,NA,NA,0
AU,1997-01-01,-0.40144420699151384,NA,NA,0
AU,1997-04-01,-0.39625126263358423,NA,NA,0
AU,1997-07-01,-0.38699005707629774,NA,NA,0
AU,1997-10-01,-0.3742299359811242,NA,NA,0
AU,1998-01-01,-0.3585765357830464,NA,NA,0
AU,1998-04-01,-0.34065110059810133,NA,NA,0
AU,1998-07-01,-0.32106993425746577,NA,NA,0
AU,1998-10-01,-0.3004246593146147,NA,NA,0
AU,1999-01-01,-0.27926392303177744,NA,NA,0
AU,1999-04-01,-0.2580771373805455,NA,NA,0
AU,1999-07-01,-0.23728076778902038,NA,NA,0
AU,1999-10-01,-0.21720759618170762,NA,NA,0
AU,2000-01-01,-0.19809928080053052,NA,NA,0
AU,2000-04-01,-0.18010242184089614,NA,NA,0
AU,2000-07-01,-0.16326822190624746,NA,NA,0
AU,2000-10-01,-0.14755570771501578,NA,NA,0
AU,2001-01-01,-0.13283835850253875,NA,NA,0
AU,2001-04-01,-0.11891387120579588,NA,NA,0
AU,2001-07-01,-0.10551668666367273,NA,NA,0
AU,2001-10-01,-0.09233280824732494,NA,NA,0
AU,2002-01-01,-0.07901636764715743,NA,NA,0
AU,2002-04-01,-0.06520733453010781,NA,NA,0
AU,2002-07-01,-0.05054972935562517,NA,NA,0
AU,2002-10-01,-0.03470968301708019,NA,NA,0
AU,2003-01-01,-0.017392693637594214,NA,NA,0
AU,2003-04-01,0.0016405404748654207,NA,NA,0
AU,2003-07-01,0.02256028302893462,NA,NA,0
AU,2003-10-01,0.0454564194551019,NA,NA,0
AU,2004-01-01,0.07033003056322065,NA,NA,0
AU,2004-04-01,0.09708819669433699,NA,NA,0
AU,2004-07-01,0.1255422383812534,NA,NA,0
AU,2004-10-01,0.1554094821182817,NA,NA,0
AU,2005-01-01,0.1863185194970386,NA,NA,0
AU,2005-04-01,0.21781780873663859,NA,NA,0
AU,2005-07-01,0.2493873535197223,NA,NA,0
AU,2005-10-01,0.2804530888544054,NA,NA,0
AU,2006-01-01,0.3104035109204449,NA,NA,0
AU,2006-04-01,0.3386080106030084,NA,NA,0
AU,2006-07-01,0.36443631121834197,NA,NA,0
AU,2006-10-01,0.38727837172932655,NA,NA,0
AU,2007-01-01,0.4065640987978798,NA,NA,0
AU,2007-04-01,0.4217822148738134,NA,NA,0
AU,2007-07-01,0.43249765499513837,NA,NA,0
AU,2007-10-01,0.4383669111719053,NA,NA,0
AU,2008-01-01,0.43915080855688904,NA,NA,0
AU,2008-04-01,0.43472427985406215,weak,NA,0
AU,2008-07-01,0.42508280080933525,NA,NA,0
AU,2008-10-01,0.4103452569396484,NA,NA,0
AU,2009-01-01,0.39075312631134096,NA,NA,0
AU,2009-04-01,0.36666598137630746,NA,NA,0
AU,2009-07-01,0.3385534307167438,NA,NA,0
AU,2009-10-01,0.30698373517138117,NA,NA,0
AU,2010-01-01,0.2726094385148273,NA,NA,0
AU,2010-04-01,0.23615044721794065,NA,NA,0
AU,2010-07-01,0.19837507380804503,NA,NA,0
AU,2010-10-01,0.16007962144416726,NA,NA,0
AU,2011-01-01,0.1220671315697684,NA,NA,0
AU,2011-04-01,0.08512594058415107,NA,NA,0
AU,2011-07-01,0.0500086947384715,NA,NA,0
AU,2011-10-01,0.01741245495764074,NA,NA,0
AU,2012-01-01,-0.012039514257318196,NA,NA,0
AU,2012-04-01,-0.037813733900755264,NA,NA,0
AU,2012-07-01,-0.05947981245221046,NA,NA,0
AU,2012-10-01,-0.07672068279021989,NA,NA,0
AU,2013-01-01,-0.08933949431646365,NA,NA,0
AU,2013-04-01,-0.0972629867866621,NA,regular,0
AU,2013-07-01,-0.10054128296780442,NA,NA,0
AU,2013-10-01,-0.0993441486544016,NA,NA,0
AU,2014-01-01,-0.09395387717076716,NA,NA,0
AU,2014-04-01,-0.08475505778717567,NA,NA,0
AU,2014-07-01,-0.07222158025833036,NA,NA,0
AU,2014-10-01,-0.056901308078114055,NA,NA,0
AU,2015-01-01,-0.039398918603499394,NA,NA,0
AU,2015-04-01,-0.020357457019521408,NA,NA,0
AU,2015-07-01,-4.3918185834321277e-4,NA,NA,0
AU,2015-10-01,0.01969370827728492,NA,NA,0
AU,2016-01-01,0.03939788410056022,NA,NA,0
AU,2016-04-01,0.05806667379391947,NA,NA,0
AU,2016-07-01,0.07514631518562254,NA,NA,0
AU,2016-10-01,0.09015021539303159,NA,NA,0
AU,2017-01-01,0.10267083299354723,NA,NA,0
AU,2017-04-01,0.11238888026921906,NA,NA,0
AU,2017-07-01,0.11907963354550127,NA,NA,0
AU,2017-10-01,0.12261623501660995,NA,NA,0
AU,2018-01-01,0.1229699665205854,NA,NA,0
AU,2018-04-01,0.12020757129939613,NA,NA,0
AU,2018-07-01,0.11448579076488091,NA,NA,0
AU,2018-10-01,0.10604336681198906,NA,NA,0
AU,2019-01-01,0.09519083370173459,NA,NA,0
AU,2019-04-01,0.0822984847866948,NA,NA,0
AU,2019-07-01,0.06778294663162479,NA,NA,0
AU,2019-10-01,0.05209282515148206,NA,NA,0
AU,2020-01-01,0.035693904542582144,NA,NA,0
AU,2020-04-01,0.01905437986004402,NA,NA,0
AU,2020-07-01,0.002630588477682827,NA,NA,0
AU,2020-10-01,-0.013146324745802684,NA,NA,0
AU,2021-01-01,-0.027882417602372894,NA,NA,0
AU,2021-04-01,-0.041231300435435686,NA,NA,0
AU,2021-07-01,-0.05290255520215137,NA,NA,0
AU,2021-10-01,-0.06266802508721603,NA,NA,0
AU,2022-01-01,-0.07036585251452371,NA,NA,0
AU,2022-04-01,-0.07590222163493522,NA,NA,0
AU,2022-07-01,-0.07925083869289462,NA,NA,0
AU,2022-10-01,-0.08045025750565775,NA,NA,0
AU,2023-01-01,-0.07959922522336087,NA,NA,0
AU,2023-04-01,-0.07685028343463383,NA,NA,0
AU,2023-07-01,-0.07240190972896467,NA,NA,0
AU,2023-10-01,-0.06648952359597204,NA,NA,0
AU,2024-01-01,-0.059375707030423566,NA,NA,0
AU,2024-04-01,-0.05134000386717434,NA,NA,0
AU,2024-07-01,-0.04266866259735631,NA,NA,0
AU,2024-10-01,-0.03364467557191822,NA,NA,0
AU,2025-01-01,-0.024538443864202758,NA,NA,0
AU,2025-04-01,-0.015599362812612316,NA,NA,0
AU,2025-07-01,-0.00704857990971694,NA,NA,0
DE,1970-01-01,-0.13565493445172258,NA,NA,0
DE,1970-04-01,-0.12771344478537644,NA,NA,0
DE,1970-07-01,-0.11851607298484283,NA,NA,0
DE,1970-10-01,-0.1082627829813318,NA,NA,0
DE,1971-01-01,-0.097175781546849,NA,NA,0
DE,1971-04-01,-0.08549329122169133,NA,NA,0
DE,1971-07-01,-0.073462835064617,NA,NA,0
DE,1971-10-01,-0.06133423123541702,NA,NA,0
DE,1972-01-01,-0.04935250562979107,NA,NA,0
DE,1972-04-01,-0.037750934672030015,NA,NA,0
DE,1972-07-01,-0.026744427782892904,NA,NA,0
DE,1972-10-01,-0.016523450030724973,NA,NA,0
DE,1973-01-01,-0.007248670295904869,NA,NA,0
DE,1973-04-01,9.535006229758058e-4,NA,NA,0
DE,1973-07-01,0.007994343534989012,NA,NA,0
DE,1973-10-01,0.01382512790928525,NA,NA,0
DE,1974-01-01,0.018438198071489276,NA,NA,0
DE,1974-04-01,0.02186681026497206,NA,NA,0
DE,1974-07-01,0.024183719686489857,NA,NA,0
DE,1974-10-01,0.025498554144623986,NA,NA,0
DE,1975-01-01,0.0259540475397938,NA,NA,0
DE,1975-04-01,0.02572124081844851,NA,NA,0
DE,1975-07-01,0.02499378936867519,NA,NA,0
DE,1975-10-01,0.02398154305425998,NA,NA,0
DE,1976-01-01,0.022903587409403542,NA,NA,0
DE,1976-04-01,0.021980951267435406,NA,NA,0
DE,1976-07-01,0.021429196774886083,NA,NA,0
DE,1976-10-01,0.02145111203271796,NA,NA,0
DE,1977-01-01,0.022229724388236838,NA,NA,0
DE,1977-04-01,0.023921843748940075,NA,NA,0
DE,1977-07-01,0.026652330470468166,NA,NA,0
DE,1977-10-01,0.03050926183518507,NA,NA,0
DE,1978-01-01,0.03554014550424861,NA,NA,0
DE,1978-04-01,0.04174929836128505,NA,NA,0
DE,1978-07-01,0.04909647576113679,NA,NA,0
DE,1978-10-01,0.057496800340318316,NA,NA,0
DE,1979-01-01,0.06682200229072352,NA,NA,0
DE,1979-04-01,0.07690294543290818,NA,NA,0
DE,1979-07-01,0.08753337663963212,NA,NA,0
DE,1979-10-01,0.09847480121325433,NA,NA,0
DE,1980-01-01,0.10946235470930801,NA,NA,0
DE,1980-04-01,0.12021151333001276,NA,NA,0
DE,1980-07-01,0.1304254611764625,NA,NA,0
DE,1980-10-01,0.13980291399979292,NA,NA,0
DE,1981-01-01,0.14804618612762024,NA,NA,0
DE,1981-04-01,0.15486928029254907,weak,NA,0
DE,1981-07-01,0.16000577930955254,NA,NA,0
DE,1981-10-01,0.1632163239162802,NA,NA,0
DE,1982-01-01,0.16429547240847017,NA,NA,0
DE,1982-04-01,0.1630777546092629,NA,NA,0
DE,1982-07-01,0.15944275469081629,NA,NA,0
DE,1982-10-01,0.15331908376754308,NA,NA,0
DE,1983-01-01,0.14468713323535357,NA,NA,0
DE,1983-04-01,0.13358053268137685,NA,NA,0
DE,1983-07-01,0.12008627090834614,NA,NA,0
DE,1983-10-01,0.10434347424259802,NA,NA,0
DE,1984-01-01,0.0865408718482572,NA,NA,0
DE,1984-04-01,0.06691301229217178,NA,NA,0
DE,1984-07-01,0.04573532817603007,NA,NA,0
DE,1984-10-01,0.02331817542174003,NA,NA,0
DE,1985-01-01,0,NA,NA,0
DE,1985-04-01,-0.023860193126015908,NA,NA,0
DE,1985-07-01,-0.04789087684272118,NA,NA,0
DE,1985-10-01,-0.07171634044026412,NA,NA,0
DE,1986-01-01,-0.09496511913834826,NA,NA,0
DE,1986-04-01,-0.11727830269281783,NA,NA,0
DE,1986-07-01,-0.13831751551998406,NA,NA,0
DE,1986-10-01,-0.1577723704019275,NA,NA,0
DE,1987-01-01,-0.17536721244631412,NA,NA,0
DE,1987-04-01,-0.19086698913115852,NA,NA,0
DE,1987-07-01,-0.20408210542190644,NA,NA,0
DE,1987-10-01,-0.21487214946607014,NA,NA,0
DE,1988-01-01,-0.22314840353610077,NA,NA,0
DE,1988-04-01,-0.2288750859364137,NA,NA,0
DE,1988-07-01,-0.23206930171373003,NA,NA,0
DE,1988-10-01,-0.23279971239616526,NA,NA,0
DE,1989-01-01,-0.2311839668280033,NA,NA,0
DE,1989-04-01,-0.2273849656828968,NA,NA,0
DE,1989-07-01,-0.22160606069259256,NA,NA,0
DE,1989-10-01,-0.21408531534739667,NA,NA,0
DE,1990-01-01,-0.20508897621131789,NA,NA,0
DE,1990-04-01,-0.19490432254118317,NA,weak,0
DE,1990-07-01,-0.18383207619621203,NA,NA,0
DE,1990-10-01,-0.17217856357044903,NA,NA,0
DE,1991-01-01,-0.16024782628447895,NA,NA,0
DE,1991-04-01,-0.14833387755809954,NA,NA,0
DE,1991-07-01,-0.1367132965885888,NA,NA,0
DE,1991-10-01,-0.12563834402691898,NA,NA,0
DE,1992-01-01,-0.11533076802922343,NA,NA,0
DE,1992-04-01,-0.1059764527137266,NA,NA,0
DE,1992-07-01,-0.09772103961400949,NA,NA,0
DE,1992-10-01,-0.09066662840606049,NA,NA,0
DE,1993-01-01,-0.08486963638338862,NA,NA,0
DE,1993-04-01,-0.08033986749878513,NA,NA,0
DE,1993-07-01,-0.07704081195909611,NA,NA,0
DE,1993-10-01,-0.0748911670506245,NA,NA,0
DE,1994-01-01,-0.07376753979649317,NA,NA,0
DE,1994-04-01,-0.07350826290632033,NA,NA,0
DE,1994-07-01,-0.07391822795468066,NA,NA,0
DE,1994-10-01,-0.07477461446433425,NA,NA,0
DE,1995-01-01,-0.07583337117008467,NA,NA,0
DE,1995-04-01,-0.07683628673419067,NA,NA,0
DE,1995-07-01,-0.07751847203541204,NA,NA,0
DE,1995-10-01,-0.07761606523762037,NA,NA,0
DE,1996-01-01,-0.07687396444389574,NA,NA,0
DE,1996-04-01,-0.0750533910413173,NA,NA,0
DE,1996-07-01,-0.0719390899178606,NA,NA,0
DE,1996-10-01,-0.06734598055483078,NA,NA,0
DE,1997-01-01,-0.06112508542520097,NA,NA,0
DE,1997-04-01,-0.05316857891064672,NA,NA,0
DE,1997-07-01,-0.04341382073349806,NA,NA,0
DE,1997-10-01,-0.03184626223065143,NA,NA,0
DE,1998-01-01,-0.018501141130121565,NA,NA,0
DE,1998-04-01,-0.0034639102022960278,NA,NA,0
DE,1998-07-01,0.013130623445903655,NA,NA,0
DE,1998-10-01,0.031100439331206625,NA,NA,0
DE,1999-01-01,0.05021968321628317,NA,NA,0
DE,1999-04-01,0.07022321196030412,NA,NA,0
DE,1999-07-01,0.0908121997736557,NA,NA,0
DE,1999-10-01,0.11166067389823989,NA,NA,0
DE,2000-01-01,0.13242282256196417,NA,NA,0
DE,2000-04-01,0.1527408965523733,NA,NA,0
DE,2000-07-01,0.172253508530352,NA,NA,0
DE,2000-10-01,0.19060412177615013,NA,NA,0
DE,2001-01-01,0.20744951283176835,NA,NA,0
DE,2001-04-01,0.22246799075686294,NA,NA,0
DE,2001-07-01,0.23536715959547108,NA,NA,0
DE,2001-10-01,0.2458910201607352,NA,NA,0
DE,2002-01-01,0.2538262222398133,NA,NA,0
DE,2002-04-01,0.25900729850886894,NA,NA,0
DE,2002-07-01,0.2613207363915213,NA,NA,0
DE,2002-10-01,0.26070777321949024,NA,NA,0
DE,2003-01-01,0.2571658326618813,NA,NA,0
DE,2003-04-01,0.25074855566981813,NA,NA,0
DE,2003-07-01,0.24156441623474192,NA,NA,0
DE,2003-10-01,0.2297739501111262,NA,NA,0
DE,2004-01-01,0.21558566229250495,NA,NA,0
DE,2004-04-01,0.19925071542083908,NA,NA,0
DE,2004-07-01,0.1810565354311696,NA,NA,0
DE,2004-10-01,0.16131950160356504,NA,NA,0
DE,2005-01-01,0.1403769148980841,NA,NA,0
DE,2005-04-01,0.1185784601672488,NA,NA,0
DE,2005-07-01,0.09627739387739237,NA,NA,0
DE,2005-10-01,0.07382169877295539,NA,NA,0
DE,2006-01-01,0.051545450098335305,NA,NA,0
DE,2006-04-01,0.029760634341834402,NA,NA,0
DE,2006-07-01,0.008749650967328049,NA,NA,0
DE,2006-10-01,-0.011241289571360003,NA,NA,0
DE,2007-01-01,-0.03000768170849817,NA,NA,0
DE,2007-04-01,-0.04739099392036526,NA,NA,0
DE,2007-07-01,-0.06328156474669058,NA,NA,1
DE,2007-10-01,-0.07762003758117836,NA,NA,0
DE,2008-01-01,-0.09039728750914214,NA,NA,0
DE,2008-04-01,-0.10165283676831252,NA,NA,0
DE,2008-07-01,-0.11147179940502587,NA,NA,0
DE,2008-10-01,-0.11998043912468917,NA,NA,0
DE,2009-01-01,-0.12734046591754838,NA,NA,0
DE,2009-04-01,-0.13374223553340092,NA,NA,0
DE,2009-07-01,-0.13939705010477804,NA,NA,0
DE,2009-10-01,-0.14452878710428774,NA,NA,0
DE,2010-01-01,-0.14936510643358064,NA,NA,0
DE,2010-04-01,-0.15412850101310976,NA,NA,0
DE,2010-07-01,-0.15902746420304076,NA,NA,0
DE,2010-10-01,-0.16424804738191418,NA,NA,0
DE,2011-01-01,-0.16994607291728875,NA,NA,0
DE,2011-04-01,-0.17624025169663102,NA,NA,0
DE,2011-07-01,-0.1832064307017396,NA,NA,0
DE,2011-10-01,-0.1908731653936864,NA,NA,0
DE,2012-01-01,-0.19921877473472946,NA,NA,0
DE,2012-04-01,-0.20816999451477974,NA,NA,0
DE,2012-07-01,-0.21760229845034568,NA,NA,0
DE,2012-10-01,-0.2273419075998312,NA,NA,0
DE,2013-01-01,-0.23716945840822662,NA,NA,0
DE,2013-04-01,-0.24682524963401586,NA,NA,0
DE,2013-07-01,-0.2560159400148859,NA,NA,0
DE,2013-10-01,-0.26442252326077187,NA,NA,0
DE,2014-01-01,-0.2717093662131317,NA,NA,0
DE,2014-04-01,-0.2775340610510782,NA,weak,0
DE,2014-07-01,-0.2815578143735483,NA,NA,0
DE,2014-10-01,-0.2834560757639739,NA,NA,0
DE,2015-01-01,-0.28292909674782585,NA,NA,0
DE,2015-04-01,-0.27971210833374993,NA,NA,0
DE,2015-07-01,-0.273584811770903,NA,NA,0
DE,2015-10-01,-0.26437989267016715,NA,NA,0
DE,2016-01-01,-0.2519902928630019,NA,NA,0
DE,2016-04-01,-0.2363750066808412,NA,NA,0
DE,2016-07-01,-0.2175632078528446,NA,NA,0
DE,2016-10-01,-0.19565655883799715,NA,NA,0
DE,2017-01-01,-0.17082960483288306,NA,NA,0
DE,2017-04-01,-0.14332820847685226,NA,NA,0
DE,2017-07-01,-0.11346603684666984,NA,NA,0
DE,2017-10-01,-0.08161916806180833,NA,NA,0
DE,2018-01-01,-0.048218939061079644,NA,NA,0
DE,2018-04-01,-0.01374320724630873,NA,NA,0
DE,2018-07-01,0.021293754813014598,NA,NA,0
DE,2018-10-01,0.05635247196087656,NA,NA,0
DE,2019-01-01,0.09088029347657461,NA,NA,0
DE,2019-04-01,0.12432391678400526,NA,NA,0
DE,2019-07-01,0.15614207424273555,NA,NA,0
DE,2019-10-01,0.18581804312139735,NA,NA,0
DE,2020-01-01,0.21287164233615471,NA,NA,0
DE,2020-04-01,0.23687039271929247,NA,NA,0
DE,2020-07-01,0.257439540097518,NA,NA,0
DE,2020-10-01,0.2742706716570573,NA,NA,0
DE,2021-01-01,0.2871286950414884,NA,NA,0
DE,2021-04-01,0.29585699522211484,NA,NA,0
DE,2021-07-01,0.3003806350531588,NA,NA,0
DE,2021-10-01,0.3007075200698287,NA,NA,0
DE,2022-01-01,0.29692750488830977,NA,NA,0
DE,2022-04-01,0.28920947584169965,regular,NA,0
DE,2022-07-01,0.2777965005421561,NA,NA,0
DE,2022-10-01,0.2629991882449163,NA,NA,0
DE,2023-01-01,0.24518745364354275,NA,NA,0
DE,2023-04-01,0.22478091962605554,NA,NA,0
DE,2023-07-01,0.2022382303294283,NA,NA,0
DE,2023-10-01,0.1780455735263541,NA,NA,0
DE,2024-01-01,0.15270473019525857,NA,NA,0
DE,2024-04-01,0.12672097856784229,NA,NA,0
DE,2024-07-01,0.10059117981128501,NA,NA,0
DE,2024-10-01,0.07479236287056476,NA,NA,0
DE,2025-01-01,0.04977110724449349,NA,NA,0
DE,2025-04-01,0.025933995246495395,NA,NA,0
DE,2025-07-01,0.0036393705105075835,NA,NA,0
ES,1971-01-01,-0.19718072153662433,NA,NA,0
ES,1971-04-01,-0.18165043524015678,NA,NA,0
ES,1971-07-01,-0.1610271820044964,NA,NA,0
ES,1971-10-01,-0.13551234510751586,NA,NA,0
ES,1972-01-01,-0.10541287117228477,NA,NA,0
ES,1972-04-01,-0.07113443504007855,NA,NA,0
ES,1972-07-01,-0.033171832797392414,NA,NA,0
ES,1972-10-01,0.007903104213043327,NA,NA,0
ES,1973-01-01,0.05145570135896352,NA,NA,0
ES,1973-04-01,0.09680429769277629,NA,NA,0
ES,1973-07-01,0.1432372736929924,NA,NA,0
ES,1973-10-01,0.19003071881522807,NA,NA,0
ES,1974-01-01,0.2364661890567907,NA,NA,0
ES,1974-04-01,0.2818480044906353,NA,NA,0
ES,1974-07-01,0.32551955513293473,NA,NA,0
ES,1974-10-01,0.3668781199887977,NA,NA,0
ES,1975-01-01,0.4053877574526179,NA,NA,0
ES,1975-04-01,0.4405898936062902,NA,NA,0
ES,1975-07-01,0.4721113160064998,NA,NA,0
ES,1975-10-01,0.4996693714706162,NA,NA,0
ES,1976-01-01,0.5230742639874284,NA,NA,0
ES,1976-04-01,0.542228449770627,NA,NA,0
ES,1976-07-01,0.5571232270841668,NA,NA,0
ES,1976-10-01,0.5678327152369522,NA,NA,0
ES,1977-01-01,0.5745055066264169,NA,NA,0
ES,1977-04-01,0.5773543547052833,NA,NA,0
ES,1977-07-01,0.5766443264092607,NA,NA,0
ES,1977-10-01,0.5726798975327049,NA,NA,0
ES,1978-01-01,0.5657915019401657,NA,NA,0
ES,1978-04-01,0.5563220591381162,NA,NA,0
ES,1978-07-01,0.5446139990526044,NA,NA,0
ES,1978-10-01,0.5309972780049298,NA,NA,0
ES,1979-01-01,0.5157788366790501,NA,NA,0
ES,1979-04-01,0.4992338908277455,NA,NA,0
ES,1979-07-01,0.48159937068396386,NA,NA,0
ES,1979-10-01,0.463069738191057,NA,NA,0
ES,1980-01-01,0.4437953153593106,NA,NA,0
ES,1980-04-01,0.42388315576401137,NA,NA,0
ES,1980-07-01,0.403400388118201,NA,NA,0
ES,1980-10-01,0.3823798597752154,NA,NA,0
ES,1981-01-01,0.36082781269937547,NA,NA,0
ES,1981-04-01,0.3387332384735833,NA,NA,0
ES,1981-07-01,0.3160784855745298,NA,NA,0
ES,1981-10-01,0.2928506343024494,NA,NA,0
ES,1982-01-01,0.2690531147371146,NA,NA,0
ES,1982-04-01,0.24471702262200604,NA,NA,0
ES,1982-07-01,0.21991158818596865,NA,NA,0
ES,1982-10-01,0.19475327389811267,NA,NA,0
ES,1983-01-01,0.16941301857052357,NA,NA,0
ES,1983-04-01,0.1441212058862262,NA,NA,0
ES,1983-07-01,0.11917001344055214,NA,NA,0
ES,1983-10-01,0.09491289119702126,NA,NA,0
ES,1984-01-01,0.0717610227615216,NA,NA,0
ES,1984-04-01,0.050176735494442376,NA,NA,0
ES,1984-07-01,0.030663942289534563,NA,NA,0
ES,1984-10-01,0.01375581472099674,NA,NA,0
ES,1985-01-01,0,NA,NA,0
ES,1985-04-01,-0.010058201328621535,NA,NA,0
ES,1985-07-01,-0.015894187671798732,NA,NA,0
ES,1985-10-01,-0.017023352702039196,NA,NA,0
ES,1986-01-01,-0.013020681777440285,NA,NA,0
ES,1986-04-01,-0.0035399677173970356,NA,NA,0
ES,1986-07-01,0.01166804876872235,NA,NA,0
ES,1986-10-01,0.032739298808634715,NA,NA,0
ES,1987-01-01,0.05968241615775946,NA,NA,0
ES,1987-04-01,0.09236777271842414,NA,NA,0
ES,1987-07-01,0.13052003334631554,NA,NA,0
ES,1987-10-01,0.17371464578428494,NA,NA,0
ES,1988-01-01,0.2213785661900293,NA,NA,0
ES,1988-04-01,0.2727953922661941,NA,NA,0
ES,1988-07-01,0.3271149385290745,NA,NA,0
ES,1988-10-01,0.3833671462022047,NA,NA,0
ES,1989-01-01,0.440480078251298,NA,NA,0
ES,1989-04-01,0.49730161291021957,NA,NA,0
ES,1989-07-01,0.5526243213134903,NA,NA,0
ES,1989-10-01,0.6052129009280296,NA,NA,0
ES,1990-01-01,0.6538334403433387,NA,NA,0
ES,1990-04-01,0.6972837160740823,NA,NA,0
ES,1990-07-01,0.7344236711311269,NA,NA,0
ES,1990-10-01,0.7642052002459668,NA,NA,0
ES,1991-01-01,0.7857003689739435,NA,NA,0
ES,1991-04-01,0.7981272237563514,NA,NA,0
ES,1991-07-01,0.8008724067927117,NA,NA,0
ES,1991-10-01,0.793509871775817,regular,NA,0
ES,1992-01-01,0.775815101840385,NA,NA,0
ES,1992-04-01,0.7477743563614182,NA,NA,0
ES,1992-07-01,0.7095886147209447,NA,NA,0
ES,1992-10-01,0.66167203849211,NA,NA,0
ES,1993-01-01,0.6046449338976103,NA,NA,0
ES,1993-04-01,0.5393213588491144,NA,NA,0
ES,1993-07-01,0.4666916782272619,NA,NA,0
ES,1993-10-01,0.3879005222458253,NA,NA,0
ES,1994-01-01,0.3042207409192552,NA,NA,0
ES,1994-04-01,0.21702406837356683,NA,NA,0
ES,1994-07-01,0.1277493101000776,NA,NA,0
ES,1994-10-01,0.03786894101432969,NA,NA,0
ES,1995-01-01,-0.05114495010784806,NA,NA,0
ES,1995-04-01,-0.13785441518282376,NA,NA,0
ES,1995-07-01,-0.2208881559876742,NA,NA,0
ES,1995-10-01,-0.29897188289301124,NA,NA,0
ES,1996-01-01,-0.37095568528738393,NA,NA,0
ES,1996-04-01,-0.4358376687582468,NA,NA,0
ES,1996-07-01,-0.492783229859876,NA,NA,0
ES,1996-10-01,-0.5411394742232679,NA,NA,0
ES,1997-01-01,-0.5804444335600688,NA,NA,0
ES,1997-04-01,-0.6104308970158511,NA,NA,0
ES,1997-07-01,-0.6310248372474432,NA,NA,0
ES,1997-10-01,-0.6423385762862354,NA,NA,0
ES,1998-01-01,-0.6446589954691265,NA,NA,0
ES,1998-04-01,-0.6384312424193783,NA,regular,0
ES,1998-07-01,-0.6242385215375853,NA,NA,0
ES,1998-10-01,-0.6027786685159067,NA,NA,0
ES,1999-01-01,-0.5748383004517058,NA,NA,0
ES,1999-04-01,-0.5412653983975381,NA,NA,0
ES,1999-07-01,-0.5029412166736246,NA,NA,0
ES,1999-10-01,-0.46075242192239063,NA,NA,0
ES,2000-01-01,-0.41556434457591307,NA,NA,0
ES,2000-04-01,-0.3681961769490092,NA,NA,0
ES,2000-07-01,-0.3193988772859695,NA,NA,0
ES,2000-10-01,-0.26983644035098586,NA,NA,0
ES,2001-01-01,-0.22007107589833041,NA,NA,0
ES,2001-04-01,-0.17055270057726163,NA,NA,0
ES,2001-07-01,-0.12161300102642984,NA,NA,0
ES,2001-10-01,-0.07346417097059138,NA,NA,0
ES,2002-01-01,-0.02620226813448176,NA,NA,0
ES,2002-04-01,0.020185017138433792,NA,NA,0
ES,2002-07-01,0.06580653553091112,NA,NA,0
ES,2002-10-01,0.11085228170446479,NA,NA,0
ES,2003-01-01,0.15557502963008416,NA,NA,0
ES,2003-04-01,0.20026969865816388,NA,NA,0
ES,2003-07-01,0.2452512202528275,NA,NA,0
ES,2003-10-01,0.29083172095527665,NA,NA,0
ES,2004-01-01,0.3372978555163991,NA,NA,0
ES,2004-04-01,0.3848891148095577,NA,NA,0
ES,2004-07-01,0.43377789656639654,NA,NA,0
ES,2004-10-01,0.48405206452431204,NA,NA,0
ES,2005-01-01,0.5357006354232635,NA,NA,0
ES,2005-04-01,0.5886031263909712,NA,NA,0
ES,2005-07-01,0.6425229712167102,NA,NA,0
ES,2005-10-01,0.6971052769783029,NA,NA,0
ES,2006-01-01,0.7518790469948494,NA,NA,0
ES,2006-04-01,0.8062638469152955,NA,NA,0
ES,2006-07-01,0.8595807427937939,NA,NA,0
ES,2006-10-01,0.9110671980486048,NA,NA,0
ES,2007-01-01,0.9598954848253011,NA,NA,0
ES,2007-04-01,1.0051940486850282,NA,NA,0
ES,2007-07-01,1.0460711674026817,NA,NA,0
ES,2007-10-01,1.081640168050836,NA,NA,0
ES,2008-01-01,1.111045413805783,NA,NA,0
ES,2008-04-01,1.133488244594841,NA,NA,0
ES,2008-07-01,1.1482520545283628,weak,NA,1
ES,2008-10-01,1.1547257138954674,NA,NA,0
ES,2009-01-01,1.1524245933822057,NA,NA,0
ES,2009-04-01,1.141008521329672,NA,NA,0
ES,2009-07-01,1.1202960987900046,NA,NA,0
ES,2009-10-01,1.0902749087186863,NA,NA,0
ES,2010-01-01,1.0511072811848259,NA,NA,0
ES,2010-04-01,1.0031314118992933,NA,NA,0
ES,2010-07-01,0.9468577722917685,NA,NA,0
ES,2010-10-01,0.882960891320428,NA,NA,0
ES,2011-01-01,0.8122667276974879,NA,NA,0
ES,2011-04-01,0.7357359819467931,NA,NA,0
ES,2011-07-01,0.6544438166613323,NA,NA,0
ES,2011-10-01,0.5695565569083103,NA,NA,0
ES,2012-01-01,0.4823060278810799,NA,NA,0
ES,2012-04-01,0.39396225119024364,NA,NA,0
ES,2012-07-01,0.3058052628852068,NA,NA,0
ES,2012-10-01,0.21909683440801161,NA,NA,0
ES,2013-01-01,0.13505287197110102,NA,NA,0
ES,2013-04-01,0.054817240845176723,NA,NA,0
ES,2013-07-01,-0.020562290002959616,NA,NA,0
ES,2013-10-01,-0.09015535863853456,NA,NA,0
ES,2014-01-01,-0.15316704069961867,NA,NA,0
ES,2014-04-01,-0.20895216745692655,NA,NA,0
ES,2014-07-01,-0.2570256134367378,NA,NA,0
ES,2014-10-01,-0.29706835733052106,NA,NA,0
ES,2015-01-01,-0.32892924503875975,NA,NA,0
ES,2015-04-01,-0.3526225083357659,NA,NA,0
ES,2015-07-01,-0.36832121296304654,NA,weak,0
ES,2015-10-01,-0.3763469223440076,NA,NA,0
ES,2016-01-01,-0.3771559642743746,NA,NA,0
ES,2016-04-01,-0.37132277502067523,NA,NA,0
ES,2016-07-01,-0.35952086590461485,NA,NA,0
ES,2016-10-01,-0.34250200989099544,NA,NA,0
ES,2017-01-01,-0.321074278777725,NA,NA,0
ES,2017-04-01,-0.2960795747980509,NA,NA,0
ES,2017-07-01,-0.2683712939211432,NA,NA,0
ES,2017-10-01,-0.23879273263540535,NA,NA,0
ES,2018-01-01,-0.20815680686129787,NA,NA,0
ES,2018-04-01,-0.1772275927344937,NA,NA,0
ES,2018-07-01,-0.14670412664454455,NA,NA,0
ES,2018-10-01,-0.11720681879126059,NA,NA,0
ES,2019-01-01,-0.08926674357933316,NA,NA,0
ES,2019-04-01,-0.06331797452250865,NA,NA,0
ES,2019-07-01,-0.03969303413901171,NA,NA,0
ES,2019-10-01,-0.018621433707547957,NA,NA,0
ES,2020-01-01,-2.3118668506705298e-4,NA,NA,0
ES,2020-04-01,0.015446904213443136,NA,NA,0
ES,2020-07-01,0.02847246041005197,NA,NA,0
ES,2020-10-01,0.03898657794365046,NA,NA,0
ES,2021-01-01,0.0472011009019658,NA,NA,0
ES,2021-04-01,0.053386538652641063,NA,NA,0
ES,2021-07-01,0.057859067864345054,NA,NA,0
ES,2021-10-01,0.06096706557043416,NA,NA,0
ES,2022-01-01,0.0630776103528575,NA,NA,0
ES,2022-04-01,0.06456336602104837,NA,NA,0
ES,2022-07-01,0.06579022725340575,NA,NA,0
ES,2022-10-01,0.06710606123801507,NA,NA,0
ES,2023-01-01,0.06883082536180449,NA,NA,0
ES,2023-04-01,0.07124828063038244,NA,NA,0
ES,2023-07-01,0.07459945605919568,NA,NA,0
ES,2023-10-01,0.0790779531092681,NA,NA,0
ES,2024-01-01,0.08482711365819232,NA,NA,0
ES,2024-04-01,0.0919390121930134,NA,NA,0
ES,2024-07-01,0.10045517489148983,NA,NA,0
ES,2024-10-01,0.11036887677612903,NA,NA,0
ES,2025-01-01,0.12162882463270527,NA,NA,0
ES,2025-04-01,0.13414399899089444,NA,NA,0
ES,2025-07-01,0.14778940391050008,NA,NA,0
GB,1968-04-01,-0.022636381535208333,NA,NA,0
GB,1968-07-01,-0.029599447734344093,NA,regular,0
GB,1968-10-01,-0.031649113521611545,NA,NA,0
GB,1969-01-01,-0.02849511525565073,NA,NA,0
GB,1969-04-01,-0.019990868695234282,NA,NA,0
GB,1969-07-01,-0.006141856343404978,NA,NA,0
GB,1969-10-01,0.012890503095429209,NA,NA,0
GB,1970-01-01,0.03678969935046263,NA,NA,0
GB,1970-04-01,0.065089735628893,NA,NA,0
GB,1970-07-01,0.09718538724037865,NA,NA,0
GB,1970-10-01,0.1323468556517063,NA,NA,0
GB,1971-01-01,0.16973841539969586,NA,NA,0
GB,1971-04-01,0.20844051865221733,NA,NA,0
GB,1971-07-01,0.2474747058841489,NA,NA,0
GB,1971-10-01,0.2858305751464296,NA,NA,0
GB,1972-01-01,0.3224939901185394,NA,NA,0
GB,1972-04-01,0.3564756611417501,NA,NA,0
GB,1972-07-01,0.3868392154597728,NA,NA,0
GB,1972-10-01,0.41272788374078123,NA,NA,0
GB,1973-01-01,0.43338896945081584,NA,NA,0
GB,1973-04-01,0.44819533465781575,NA,NA,0
GB,1973-07-01,0.4566632282988282,NA,NA,0
GB,1973-10-01,0.4584658979017954,regular,NA,1
GB,1974-01-01,0.45344255950448065,NA,NA,0
GB,1974-04-01,0.4416024486901712,NA,NA,0
GB,1974-07-01,0.4231238333879357,NA,NA,0
GB,1974-10-01,0.39834803114390444,NA,NA,0
GB,1975-01-01,0.3677686345686748,NA,NA,0
GB,1975-04-01,0.3320163032260523,NA,NA,0
GB,1975-07-01,0.2918396231663194,NA,NA,0
GB,1975-10-01,0.24808266181135233,NA,NA,0
GB,1976-01-01,0.2016599516943451,NA,NA,0
GB,1976-04-01,0.15352971805324273,NA,NA,0
GB,1976-07-01,0.10466621969290349,NA,NA,0
GB,1976-10-01,0.05603209799191817,NA,NA,0
GB,1977-01-01,0.008551624535011683,NA,NA,0
GB,1977-04-01,-0.0369142962921162,NA,NA,0
GB,1977-07-01,-0.07959057618754903,NA,NA,0
GB,1977-10-01,-0.11880713906630769,NA,NA,0
GB,1978-01-01,-0.15401427309372231,NA,NA,0
GB,1978-04-01,-0.18479367991306578,NA,NA,0
GB,1978-07-01,-0.2108649102873819,NA,NA,0
GB,1978-10-01,-0.23208703358157806,NA,NA,0
GB,1979-01-01,-0.2484555516349244,NA,NA,0
GB,1979-04-01,-0.2600947300767003,NA,NA,0
GB,1979-07-01,-0.2672456764905687,NA,NA,0
GB,1979-10-01,-0.27025063970760527,NA,NA,0
GB,1980-01-01,-0.26953413295655354,NA,regular,0
GB,1980-04-01,-0.26558159122655933,NA,NA,0
GB,1980-07-01,-0.25891635630800997,NA,NA,0
GB,1980-10-01,-0.25007583870604216,NA,NA,0
GB,1981-01-01,-0.2395877320321458,NA,NA,0
GB,1981-04-01,-0.22794715163170615,NA,NA,0
GB,1981-07-01,-0.21559553518901015,NA,NA,0
GB,1981-10-01,-0.20290207998486148,NA,NA,0
GB,1982-01-01,-0.19014840147671103,NA,NA,0
GB,1982-04-01,-0.17751698396071247,NA,NA,0
GB,1982-07-01,-0.16508386011347093,NA,NA,0
GB,1982-10-01,-0.15281580674325673,NA,NA,0
GB,1983-01-01,-0.14057218418790463,NA,NA,0
GB,1983-04-01,-0.12811138192626717,NA,NA,0
GB,1983-07-01,-0.11510166874891514,NA,NA,0
GB,1983-10-01,-0.10113608787795125,NA,NA,0
GB,1984-01-01,-0.08575089114988062,NA,NA,0
GB,1984-04-01,-0.06844687680823726,NA,NA,0
GB,1984-07-01,-0.048712887065999036,NA,NA,0
GB,1984-10-01,-0.026050638154422878,NA,NA,0
GB,1985-01-01,0,NA,NA,0
GB,1985-04-01,0.02983618304741914,NA,NA,0
GB,1985-07-01,0.06376863389232823,NA,NA,0
GB,1985-10-01,0.1020004143327445,NA,NA,0
GB,1986-01-01,0.14460872862925947,NA,NA,0
GB,1986-04-01,0.19153046779661606,NA,NA,0
GB,1986-07-01,0.24255208567526124,NA,NA,0
GB,1986-10-01,0.29730425940450816,NA,NA,0
GB,1987-01-01,0.3552616323414257,NA,NA,0
GB,1987-04-01,0.4157477718559798,NA,NA,0
GB,1987-07-01,0.4779453032639803,NA,NA,0
GB,1987-10-01,0.5409110101066817,NA,NA,0
GB,1988-01-01,0.6035955257217452,NA,NA,0
GB,1988-04-01,0.6648670870575611,NA,NA,0
GB,1988-07-01,0.7235386840717847,NA,NA,0
GB,1988-10-01,0.7783978213922246,NA,NA,0
GB,1989-01-01,0.8282380170758145,NA,NA,0
GB,1989-04-01,0.8718910993279496,NA,NA,0
GB,1989-07-01,0.908259328065404,NA,NA,0
GB,1989-10-01,0.9363463653545868,NA,NA,0
GB,1990-01-01,0.9552861471388261,NA,NA,0
GB,1990-04-01,0.9643687673611724,NA,NA,0
GB,1990-07-01,0.9630625726757752,NA,NA,0
GB,1990-10-01,0.9510317785764598,regular,NA,0
GB,1991-01-01,0.9281490522808777,NA,NA,0
GB,1991-04-01,0.8945026597127872,NA,NA,0
GB,1991-07-01,0.8503979384869612,NA,NA,1
GB,1991-10-01,0.7963530305932945,NA,NA,0
GB,1992-01-01,0.733088981958546,NA,NA,0
GB,1992-04-01,0.6615144856670051,NA,NA,0
GB,1992-07-01,0.5827057059322652,NA,NA,0
GB,1992-10-01,0.4978817658519861,NA,NA,0
GB,1993-01-01,0.4083766089662357,NA,NA,0
GB,1993-04-01,0.3156080487451943,NA,NA,0
GB,1993-07-01,0.2210448981937599,NA,NA,0
GB,1993-10-01,0.1261731214901321,NA,NA,0
GB,1994-01-01,0.032461969623920964,NA,NA,0
GB,1994-04-01,-0.058668948005360495,NA,NA,0
GB,1994-07-01,-0.14588074351773342,NA,NA,0
GB,1994-10-01,-0.2279436368315422,NA,NA,0
GB,1995-01-01,-0.30376189587789226,NA,NA,0
GB,1995-04-01,-0.37239469327952285,NA,NA,0
GB,1995-07-01,-0.4330723752023129,NA,NA,0
GB,1995-10-01,-0.48520778501406203,NA,NA,0
GB,1996-01-01,-0.5284024401738684,NA,NA,0
GB,1996-04-01,-0.56244752031248,NA,NA,0
GB,1996-07-01,-0.5873197825783647,NA,NA,0
GB,1996-10-01,-0.6031726719593729,NA,NA,0
GB,1997-01-01,-0.6103230346698506,NA,NA,0
GB,1997-04-01,-0.6092339674772872,NA,NA,0
GB,1997-07-01,-0.6004944412640706,NA,regular,0
GB,1997-10-01,-0.5847964201026931,NA,NA,0
GB,1998-01-01,-0.562910255374563,NA,NA,0
GB,1998-04-01,-0.5356591665401671,NA,NA,0
GB,1998-07-01,-0.5038936255133002,NA,NA,0
GB,1998-10-01,-0.4684664405365281,NA,NA,0
GB,1999-01-01,-0.430209289197218,NA,NA,0
GB,1999-04-01,-0.3899113807744773,NA,NA,0
GB,1999-07-01,-0.348300838211437,NA,NA,0
GB,1999-10-01,-0.3060292830383532,NA,NA,0
GB,2000-01-01,-0.26365998641041966,NA,NA,0
GB,2000-04-01,-0.2216598203185009,NA,NA,0
GB,2000-07-01,-0.18039510944914733,NA,NA,0
GB,2000-10-01,-0.14013135064566135,NA,NA,0
GB,2001-01-01,-0.10103663789997416,NA,NA,0
GB,2001-04-01,-0.0631885104946085,NA,NA,0
GB,2001-07-01,-0.0265838341499135,NA,NA,0
GB,2001-10-01,0.008848766848032411,NA,NA,0
GB,2002-01-01,0.043234481821746905,NA,NA,0
GB,2002-04-01,0.07673649804381452,NA,NA,0
GB,2002-07-01,0.10953943570071828,NA,NA,0
GB,2002-10-01,0.14183267998749105,NA,NA,0
GB,2003-01-01,0.17379424258651138,NA,NA,0
GB,2003-04-01,0.2055757492003279,NA,NA,0
GB,2003-07-01,0.23728909458019118,NA,NA,0
GB,2003-10-01,0.2689952339348527,NA,NA,0
GB,2004-01-01,0.300695492574816,NA,NA,0
GB,2004-04-01,0.3323256774346705,NA,NA,0
GB,2004-07-01,0.3637531683207277,NA,NA,0
GB,2004-10-01,0.3947770571349075,NA,NA,0
GB,2005-01-01,0.4251312937590472,NA,NA,0
GB,2005-04-01,0.4544906914928487,NA,NA,0
GB,2005-07-01,0.4824795464590187,NA,NA,0
GB,2005-10-01,0.5086825374283245,NA,NA,0
GB,2006-01-01,0.5326574978516178,NA,NA,0
GB,2006-04-01,0.5539495927741934,NA,NA,0
GB,2006-07-01,0.5721063914248851,NA,NA,0
GB,2006-10-01,0.5866933026638731,NA,NA,0
GB,2007-01-01,0.5973088355340194,NA,NA,0
GB,2007-04-01,0.6035991606353638,NA,NA,0
GB,2007-07-01,0.6052714790495282,weak,NA,1
GB,2007-10-01,0.6021057526170274,NA,NA,0
GB,2008-01-01,0.5939644105355719,NA,NA,0
GB,2008-04-01,0.5807997200847307,NA,NA,0
GB,2008-07-01,0.5626585910332145,NA,NA,0
GB,2008-10-01,0.5396846709531665,NA,NA,0
GB,2009-01-01,0.5121176791270753,NA,NA,0
GB,2009-04-01,0.48029001684742995,NA,NA,0
GB,2009-07-01,0.4446207786313574,NA,NA,0
GB,2009-10-01,0.40560736935464686,NA,NA,0
GB,2010-01-01,0.3638150039967644,NA,NA,0
GB,2010-04-01,0.31986442739993814,NA,NA,0
GB,2010-07-01,0.27441823944115645,NA,NA,0
GB,2010-10-01,0.2281662450458823,NA,NA,0
GB,2011-01-01,0.18181026780671625,NA,NA,0
GB,2011-04-01,0.13604887041096553,NA,NA,0
GB,2011-07-01,0.09156241495332151,NA,NA,0
GB,2011-10-01,0.04899887233564848,NA,NA,0
GB,2012-01-01,0.008960753610311003,NA,NA,0
GB,2012-04-01,-0.028006511024183514,NA,NA,0
GB,2012-07-01,-0.06142447582412733,NA,NA,0
GB,2012-10-01,-0.09088965848106188,NA,NA,0
GB,2013-01-01,-0.11607945398736655,NA,NA,0
GB,2013-04-01,-0.1367559113531454,NA,NA,0
GB,2013-07-01,-0.15276736891533693,NA,NA,0
GB,2013-10-01,-0.16404800875959027,NA,weak,0
GB,2014-01-01,-0.17061545044495996,NA,NA,0
GB,2014-04-01,-0.17256655693101602,NA,NA,0
GB,2014-07-01,-0.17007166983068778,NA,NA,0
GB,2014-10-01,-0.16336752569326413,NA,NA,0
GB,2015-01-01,-0.15274912920276798,NA,NA,0
GB,2015-04-01,-0.13856087261301864,NA,NA,0
GB,2015-07-01,-0.12118719349929588,NA,NA,0
GB,2015-10-01,-0.10104305544921133,NA,NA,0
GB,2016-01-01,-0.0785645194665823,NA,NA,0
GB,2016-04-01,-0.05419964876455383,NA,NA,0
GB,2016-07-01,-0.028399957683808395,NA,NA,0
GB,2016-10-01,-0.0016125782937325504,NA,NA,0
GB,2017-01-01,0.02572672244588716,NA,NA,0
GB,2017-04-01,0.053199584474947166,NA,NA,0
GB,2017-07-01,0.08041010720895353,NA,NA,0
GB,2017-10-01,0.10698890529561947,NA,NA,0
GB,2018-01-01,0.1325961972031589,NA,NA,0
GB,2018-04-01,0.15692398890535647,NA,NA,0
GB,2018-07-01,0.1796974418157386,NA,NA,0
GB,2018-10-01,0.20067553448735853,NA,NA,0
GB,2019-01-01,0.21965114095099333,NA,NA,0
GB,2019-04-01,0.2364506547492925,NA,NA,0
GB,2019-07-01,0.25093328689172595,NA,NA,0
GB,2019-10-01,0.2629901585606067,NA,NA,0
GB,2020-01-01,0.272543296170779,NA,NA,0
GB,2020-04-01,0.2795446182879728,NA,NA,0
GB,2020-07-01,0.28397498209337535,weak,NA,0
GB,2020-10-01,0.2858433328273092,NA,NA,0
GB,2021-01-01,0.2851859743095382,NA,NA,0
GB,2021-04-01,0.2820659535874819,NA,NA,0
GB,2021-07-01,0.27657252932950926,NA,NA,0
GB,2021-10-01,0.2688206729776593,NA,NA,0
GB,2022-01-01,0.25895053496607456,NA,NA,0
GB,2022-04-01,0.24712679636137916,NA,NA,0
GB,2022-07-01,0.2335378197167749,NA,NA,0
GB,2022-10-01,0.21839451211951696,NA,NA,0
GB,2023-01-01,0.20192881844377775,NA,NA,0
GB,2023-04-01,0.18439177351303324,NA,NA,0
GB,2023-07-01,0.16605105777612225,NA,NA,0
GB,2023-10-01,0.1471880215107192,NA,NA,0
GB,2024-01-01,0.1280941665734015,NA,NA,0
GB,2024-04-01,0.10906710122761998,NA,NA,0
GB,2024-07-01,0.09040601138226517,NA,NA,0
GB,2024-10-01,0.07240671937091991,NA,NA,0
GB,2025-01-01,0.055356427881780086,NA,NA,0
GB,2025-04-01,0.03952827053317243,NA,NA,0
GB,2025-07-01,0.0251758106931491,NA,NA,0
JP,1964-10-01,0.07107233245099037,NA,NA,0
JP,1965-01-01,0.0603350634152819,NA,NA,0
JP,1965-04-01,0.051558702008647865,NA,NA,0
JP,1965-07-01,0.045201879492788914,NA,NA,0
JP,1965-10-01,0.04173758955974569,NA,NA,0
JP,1966-01-01,0.04164062048983214,NA,NA,0
JP,1966-04-01,0.04537378856243516,NA,NA,0
JP,1966-07-01,0.05337334250853992,NA,NA,0
JP,1966-10-01,0.06603395549630994,NA,NA,0
JP,1967-01-01,0.08369375585806853,NA,NA,0
JP,1967-04-01,0.10661986891747788,NA,NA,0
JP,1967-07-01,0.13499494869348694,NA,NA,0
JP,1967-10-01,0.1689051692417309,NA,NA,0
JP,1968-01-01,0.20833012074380908,NA,NA,0
JP,1968-04-01,0.2531350154886241,NA,NA,0
JP,1968-07-01,0.3030655544466227,NA,NA,0
JP,1968-10-01,0.3577457375604698,NA,NA,0
JP,1969-01-01,0.41667882197801526,NA,NA,0
JP,1969-04-01,0.47925154446909024,NA,NA,0
JP,1969-07-01,0.5447416297848964,NA,NA,0
JP,1969-10-01,0.6123285086014607,NA,NA,0
JP,1970-01-01,0.6811070699868742,NA,NA,0
JP,1970-04-01,0.7501041771845467,NA,NA,0
JP,1970-07-01,0.8182975850367608,NA,NA,0
JP,1970-10-01,0.8846368155926112,NA,NA,0
JP,1971-01-01,0.948065478141885,NA,NA,0
JP,1971-04-01,1.0075444635673059,NA,NA,0
JP,1971-07-01,1.0620754025866492,NA,NA,0
JP,1971-10-01,1.11072375476243,NA,NA,0
JP,1972-01-01,1.152640891152971,NA,NA,0
JP,1972-04-01,1.1870845486479737,NA,NA,0
JP,1972-07-01,1.2134370682530873,NA,NA,0
JP,1972-10-01,1.2312208821307737,NA,NA,0
JP,1973-01-01,1.2401107837433463,regular,NA,0
JP,1973-04-01,1.2399426000927107,NA,NA,0
JP,1973-07-01,1.2307179824173362,NA,NA,0
JP,1973-10-01,1.2126051389616308,NA,NA,0
JP,1974-01-01,1.1859354473972108,NA,NA,0
JP,1974-04-01,1.1511960017186664,NA,NA,0
JP,1974-07-01,1.1090182653832241,NA,NA,0
JP,1974-10-01,1.0601631155083047,NA,NA,0
JP,1975-01-01,1.0055026685623538,NA,NA,0
JP,1975-04-01,0.9459993728603231,NA,NA,0
JP,1975-07-01,0.8826829342909441,NA,NA,0
JP,1975-10-01,0.8166257064505201,NA,NA,0
JP,1976-01-01,0.7489172226231477,NA,NA,0
JP,1976-04-01,0.6806385732813953,NA,NA,0
JP,1976-07-01,0.6128373380550497,NA,NA,0
JP,1976-10-01,0.5465037651523789,NA,NA,0
JP,1977-01-01,0.4825488544084701,NA,NA,0
JP,1977-04-01,0.42178494352634427,NA,NA,0
JP,1977-07-01,0.3649093223441626,NA,NA,0
JP,1977-10-01,0.31249130935864344,NA,NA,0
JP,1978-01-01,0.2649631210212762,NA,NA,0
JP,1978-04-01,0.2226147506820454,NA,NA,0
JP,1978-07-01,0.18559295398840953,NA,NA,0
JP,1978-10-01,0.1539043147686405,NA,NA,0
JP,1979-01-01,0.12742224374370364,NA,NA,0
JP,1979-04-01,0.10589764559642253,NA,NA,0
JP,1979-07-01,0.08897288160600003,NA,NA,0
JP,1979-10-01,0.07619855858856305,NA,NA,0
JP,1980-01-01,0.06705259325416806,NA,NA,0
JP,1980-04-01,0.060960936811149086,NA,NA,0
JP,1980-07-01,0.057319299682236494,NA,NA,0
JP,1980-10-01,0.0555151918920547,NA,NA,0
JP,1981-01-01,0.05494959173412131,NA,NA,0
JP,1981-04-01,0.055057573740575655,NA,NA,0
JP,1981-07-01,0.0553272660947899,NA,NA,0
JP,1981-10-01,0.05531656612538985,NA,NA,0
JP,1982-01-01,0.054667118467748396,NA,NA,0
JP,1982-04-01,0.05311515139502536,NA,NA,0
JP,1982-07-01,0.05049886975742036,NA,NA,0
JP,1982-10-01,0.046762214606618675,NA,NA,0
JP,1983-01-01,0.04195491634065681,NA,NA,0
JP,1983-04-01,0.03622888635420864,NA,NA,0
JP,1983-07-01,0.029831107966303123,NA,NA,0
JP,1983-10-01,0.023093297162691172,NA,NA,0
JP,1984-01-01,0.016418703987336206,NA,NA,0
JP,1984-04-01,0.010266513123737595,NA,NA,0
JP,1984-07-01,0.005134374621251547,NA,NA,0
JP,1984-10-01,0.001539650650778851,NA,NA,0
JP,1985-01-01,0,NA,NA,0
JP,1985-04-01,0.0010139377468627864,NA,NA,0
JP,1985-07-01,0.005042002839866611,NA,NA,0
JP,1985-10-01,0.012489141482768584,NA,NA,0
JP,1986-01-01,0.023688870232098966,NA,NA,0
JP,1986-04-01,0.038889721139536274,NA,NA,0
JP,1986-07-01,0.05824439423230962,NA,NA,0
JP,1986-10-01,0.08180195272811489,NA,NA,0
JP,1987-01-01,0.10950329662313708,NA,NA,0
JP,1987-04-01,0.14118004396056605,NA,NA,0
JP,1987-07-01,0.1765568396523952,NA,NA,0
JP,1987-10-01,0.2152570027268479,NA,NA,0
JP,1988-01-01,0.25681131779697924,NA,NA,0
JP,1988-04-01,0.30066967872119127,NA,NA,0
JP,1988-07-01,0.34621520491393243,NA,NA,0
JP,1988-10-01,0.39278037626003565,NA,NA,0
JP,1989-01-01,0.439664673335085,NA,NA,0
JP,1989-04-01,0.48615316736520453,NA,NA,0
JP,1989-07-01,0.5315354802323761,NA,NA,0
JP,1989-10-01,0.5751245294051429,NA,NA,0
JP,1990-01-01,0.6162744858968108,NA,NA,0
JP,1990-04-01,0.6543974045683316,NA,NA,0
JP,1990-07-01,0.6889780340706471,NA,NA,0
JP,1990-10-01,0.7195863767035928,NA,NA,0
JP,1991-01-01,0.7458876442342249,NA,NA,0
JP,1991-04-01,0.767649341660426,NA,NA,0
JP,1991-07-01,0.7847453041250102,NA,NA,0
JP,1991-10-01,0.7971566095847203,NA,NA,0
JP,1992-01-01,0.8049693882293616,NA,NA,0
JP,1992-04-01,0.8083696458549672,NA,NA,0
JP,1992-07-01,0.8076353093656417,NA,NA,0
JP,1992-10-01,0.8031257854726871,NA,NA,1
JP,1993-01-01,0.7952693959447076,regular,NA,0
JP,1993-04-01,0.784549112291985,NA,NA,0
JP,1993-07-01,0.7714870578459425,NA,NA,0
JP,1993-10-01,0.7566282746221923,NA,NA,0
JP,1994-01-01,0.740524265465913,NA,NA,0
JP,1994-04-01,0.7237168186470175,NA,NA,0
JP,1994-07-01,0.70672260271402,NA,NA,0
JP,1994-10-01,0.6900189849595006,NA,NA,0
JP,1995-01-01,0.6740314787021034,NA,NA,0
JP,1995-04-01,0.6591231645763647,NA,NA,0
JP,1995-07-01,0.6455863613212975,NA,NA,0
JP,1995-10-01,0.6336367446243807,NA,NA,0
JP,1996-01-01,0.6234100310496602,NA,NA,0
JP,1996-04-01,0.614961260693471,NA,NA,0
JP,1996-07-01,0.6082666297085558,NA,NA,0
JP,1996-10-01,0.6032277448690431,NA,NA,0
JP,1997-01-01,0.599678099392458,NA,NA,0
JP,1997-04-01,0.5973915045150868,NA,NA,0
JP,1997-07-01,0.5960921567358894,NA,NA,0
JP,1997-10-01,0.595465977725459,NA,NA,0
JP,1998-01-01,0.5951728337426903,NA,NA,0
JP,1998-04-01,0.5948592246665794,NA,NA,0
JP,1998-07-01,0.5941710296273635,NA,NA,0
JP,1998-10-01,0.5927659064473583,NA,NA,0
JP,1999-01-01,0.5903249649783096,NA,NA,0
JP,1999-04-01,0.5865633688475295,NA,NA,0
JP,1999-07-01,0.5812395646430738,NA,NA,0
JP,1999-10-01,0.5741628904252568,NA,NA,0
JP,2000-01-01,0.5651993746644649,NA,NA,0
JP,2000-04-01,0.5542756001333827,NA,NA,0
JP,2000-07-01,0.541380572705591,NA,NA,0
JP,2000-10-01,0.5265656002102942,NA,NA,0
JP,2001-01-01,0.5099422493170809,NA,NA,0
JP,2001-04-01,0.4916785068730924,NA,NA,0
JP,2001-07-01,0.4719933243959149,NA,NA,0
JP,2001-10-01,0.45114976901300374,NA,NA,0
JP,2002-01-01,0.42944703981724425,NA,NA,0
JP,2002-04-01,0.4072116345067845,NA,NA,0
JP,2002-07-01,0.38478796678741667,NA,NA,0
JP,2002-10-01,0.36252874019952,NA,NA,0
JP,2003-01-01,0.3407853790142539,NA,NA,0
JP,2003-04-01,0.3198988021946843,NA,NA,0
JP,2003-07-01,0.3001908030192057,NA,NA,0
JP,2003-10-01,0.28195626597099105,NA,NA,0
JP,2004-01-01,0.2654564152841268,NA,NA,0
JP,2004-04-01,0.25091324764583306,NA,NA,0
JP,2004-07-01,0.23850525663082728,NA,NA,0
JP,2004-10-01,0.2283645101766043,NA,NA,0
JP,2005-01-01,0.2205750964651335,NA,weak,0
JP,2005-04-01,0.21517290954516693,NA,NA,0
JP,2005-07-01,0.21214670536302288,NA,NA,0
JP,2005-10-01,0.21144032283803998,NA,NA,0
JP,2006-01-01,0.21295593426812137,NA,NA,0
JP,2006-04-01,0.21655816547313272,NA,NA,0
JP,2006-07-01,0.22207890919739381,NA,NA,0
JP,2006-10-01,0.22932264563166999,NA,NA,0
JP,2007-01-01,0.23807208143270214,NA,NA,0
JP,2007-04-01,0.24809392299775768,NA,NA,0
JP,2007-07-01,0.2591446104290101,NA,NA,0
JP,2007-10-01,0.2709758548176074,NA,NA,0
JP,2008-01-01,0.2833398422320104,NA,NA,0
JP,2008-04-01,0.2959939920177579,NA,NA,0
JP,2008-07-01,0.30870518352865095,NA,NA,0
JP,2008-10-01,0.3212533929990306,NA,NA,0
JP,2009-01-01,0.3334347097339868,NA,NA,0
JP,2009-04-01,0.3450637270016413,NA,NA,0
JP,2009-07-01,0.35597532692780687,NA,NA,0
JP,2009-10-01,0.36602589943182373,NA,NA,0
JP,2010-01-01,0.37509405209320623,NA,NA,0
JP,2010-04-01,0.38308088029222187,NA,NA,0
JP,2010-07-01,0.3899098747294008,NA,NA,0
JP,2010-10-01,0.3955265464262201,NA,NA,0
JP,2011-01-01,0.39989784768672565,NA,NA,0
JP,2011-04-01,0.4030114616081649,NA,NA,0
JP,2011-07-01,0.40487502310337264,NA,NA,0
JP,2011-10-01,0.4055153217314301,NA,NA,0
JP,2012-01-01,0.40497752174198015,NA,NA,0
JP,2012-04-01,0.40332441852320966,NA,NA,0
JP,2012-07-01,0.40063573404778796,NA,NA,0
JP,2012-10-01,0.39700743787932335,NA,NA,0
JP,2013-01-01,0.3925510657367959,NA,NA,0
JP,2013-04-01,0.3873929953368499,NA,NA,0
JP,2013-07-01,0.3816736299469307,NA,NA,0
JP,2013-10-01,0.3755464343405343,NA,NA,0
JP,2014-01-01,0.36917676603098054,NA,NA,0
JP,2014-04-01,0.3627404469640884,NA,NA,0
JP,2014-07-01,0.35642202726654615,NA,NA,0
JP,2014-10-01,0.350412702970626,NA,NA,0
JP,2015-01-01,0.3449078634717435,NA,NA,0
JP,2015-04-01,0.340104261253509,NA,NA,0
JP,2015-07-01,0.33619681541503865,NA,NA,0
JP,2015-10-01,0.33337508091642143,NA,NA,0
JP,2016-01-01,0.3318194362939731,NA,NA,0
JP,2016-04-01,0.33169706291437895,NA,NA,0
JP,2016-07-01,0.3331578076578185,NA,NA,0
JP,2016-10-01,0.3363300373028457,NA,NA,0
JP,2017-01-01,0.3413166059651998,NA,NA,0
JP,2017-04-01,0.3481910659685643,NA,NA,0
JP,2017-07-01,0.3569942568953965,NA,NA,0
JP,2017-10-01,0.36773140685404,NA,NA,0
JP,2018-01-01,0.38036987397506644,NA,NA,0
JP,2018-04-01,0.3948376447960384,NA,NA,0
JP,2018-07-01,0.41102268970583966,NA,NA,0
JP,2018-10-01,0.42877325440547,NA,NA,0
JP,2019-01-01,0.44789914100986383,NA,NA,0
JP,2019-04-01,0.46817400375315604,NA,NA,0
JP,2019-07-01,0.48933865320912406,NA,NA,0
JP,2019-10-01,0.5111053305600034,NA,NA,0
JP,2020-01-01,0.5331628808820933,NA,NA,0
JP,2020-04-01,0.5551827228458425,NA,NA,0
JP,2020-07-01,0.5768254828261932,NA,NA,0
JP,2020-10-01,0.5977481353105075,NA,NA,0
JP,2021-01-01,0.617611469707712,NA,NA,0
JP,2021-04-01,0.6360876871010579,NA,NA,0
JP,2021-07-01,0.6528679198765204,NA,NA,0
JP,2021-10-01,0.6676694630286315,NA,NA,0
JP,2022-01-01,0.6802425086030375,NA,NA,0
JP,2022-04-01,0.690376184251302,NA,NA,0
JP,2022-07-01,0.6979037130769898,NA,NA,0
JP,2022-10-01,0.7027065344315293,regular,NA,0
JP,2023-01-01,0.7047172534343743,NA,NA,0
JP,2023-04-01,0.7039213198971013,NA,NA,0
JP,2023-07-01,0.7003573739977158,NA,NA,0
JP,2023-10-01,0.6941162353066046,NA,NA,0
JP,2024-01-01,0.6853385523311162,NA,NA,0
JP,2024-04-01,0.6742111702827803,NA,NA,0
JP,2024-07-01,0.6609623139269614,NA,NA,0
JP,2024-10-01,0.645855718830447,NA,NA,0
JP,2025-01-01,0.6291838768400007,NA,NA,0
JP,2025-04-01,0.6112605890910561,NA,NA,0
JP,2025-07-01,0.5924130413122182,NA,NA,0
US,1970-01-01,-0.019909455678820673,NA,NA,0
US,1970-04-01,-0.012836190075725078,NA,NA,0
US,1970-07-01,-0.004998407324272362,NA,NA,0
US,1970-10-01,0.00338122146968365,NA,NA,0
US,1971-01-01,0.012080818191775079,NA,NA,0
US,1971-04-01,0.02088725563388866,NA,NA,0
US,1971-07-01,0.029603661698334217,NA,NA,0
US,1971-10-01,0.038056181659746544,NA,NA,0
US,1972-01-01,0.04609973582171363,NA,NA,0
US,1972-04-01,0.0536225456902369,NA,NA,0
US,1972-07-01,0.06054924661110703,NA,NA,0
US,1972-10-01,0.06684245715463853,NA,NA,0
US,1973-01-01,0.07250273354909179,NA,NA,0
US,1973-04-01,0.07756689909454313,NA,NA,0
US,1973-07-01,0.08210480149577284,NA,NA,0
US,1973-10-01,0.08621461311167951,NA,NA,0
US,1974-01-01,0.09001684790101397,NA,NA,0
US,1974-04-01,0.09364732210153935,NA,NA,0
US,1974-07-01,0.09724933132763157,NA,NA,0
US,1974-10-01,0.10096535296805009,NA,NA,0
US,1975-01-01,0.10492860798322332,NA,NA,0
US,1975-04-01,0.10925482928684482,NA,NA,0
US,1975-07-01,0.11403458412004791,NA,NA,0
US,1975-10-01,0.11932648491519779,NA,NA,0
US,1976-01-01,0.12515159730268943,NA,NA,0
US,1976-04-01,0.1314893158163848,NA,NA,0
US,1976-07-01,0.13827492863974467,NA,NA,0
US,1976-10-01,0.14539903397062157,NA,NA,0
US,1977-01-01,0.15270890421163968,NA,NA,0
US,1977-04-01,0.1600118224737121,NA,NA,0
US,1977-07-01,0.16708034131066768,NA,NA,0
US,1977-10-01,0.17365933883550985,NA,NA,0
US,1978-01-01,0.17947467511772405,NA,NA,0
US,1978-04-01,0.18424318470641388,NA,NA,0
US,1978-07-01,0.18768368181549364,NA,NA,0
US,1978-10-01,0.18952860547048553,NA,NA,0
US,1979-01-01,0.18953589476668659,NA,NA,0
US,1979-04-01,0.18750066095250445,NA,NA,0
US,1979-07-01,0.18326621450358427,NA,NA,0
US,1979-10-01,0.17673401236405215,NA,NA,0
US,1980-01-01,0.1678721132360644,NA,NA,0
US,1980-04-01,0.15672176678270563,NA,NA,0
US,1980-07-01,0.1434018149110394,NA,NA,0
US,1980-10-01,0.12811064843858413,NA,NA,0
US,1981-01-01,0.11112553845480172,NA,NA,0
US,1981-04-01,0.09279924618680754,NA,NA,0
US,1981-07-01,0.07355390543879295,NA,NA,0
US,1981-10-01,0.05387226471561564,NA,NA,0
US,1982-01-01,0.03428646882442481,NA,NA,0
US,1982-04-01,0.015364648885566743,NA,NA,0
US,1982-07-01,-0.0023043278539676172,NA,NA,0
US,1982-10-01,-0.018127524185825715,NA,weak,0
US,1983-01-01,-0.03152553036491003,NA,NA,0
US,1983-04-01,-0.04195046221645807,NA,NA,0
US,1983-07-01,-0.048903799997413414,NA,NA,0
US,1983-10-01,-0.05195349657525818,NA,NA,0
US,1984-01-01,-0.05074979057740905,NA,NA,0
US,1984-04-01,-0.04503918599342709,NA,NA,0
US,1984-07-01,-0.034676103791754044,NA,NA,0
US,1984-10-01,-0.01963177233120947,NA,NA,0
US,1985-01-01,0,NA,NA,0
US,1985-04-01,0.02400043664819757,NA,NA,0
US,1985-07-01,0.0520269556963673,NA,NA,0
US,1985-10-01,0.08361794240306955,NA,NA,0
US,1986-01-01,0.11820107870624985,NA,NA,0
US,1986-04-01,0.1551050650038724,NA,NA,0
US,1986-07-01,0.1935744609114221,NA,NA,0
US,1986-10-01,0.23278726997900404,NA,NA,0
US,1987-01-01,0.2718748019376005,NA,NA,0
US,1987-04-01,0.3099432680476716,NA,NA,0
US,1987-07-01,0.34609650325203556,NA,NA,0
US,1987-10-01,0.3794591652980064,NA,NA,0
US,1988-01-01,0.4091997374221187,NA,NA,1
US,1988-04-01,0.43455265857706615,NA,NA,0
US,1988-07-01,0.4548389238395826,NA,NA,0
US,1988-10-01,0.46948453719010197,NA,NA,0
US,1989-01-01,0.4780362582319225,NA,NA,0
US,1989-04-01,0.48017416189201884,regular,NA,0
US,1989-07-01,0.4757206233831062,NA,NA,0
US,1989-10-01,0.4646454468377707,NA,NA,0
US,1990-01-01,0.4470669717373798,NA,NA,0
US,1990-04-01,0.4232491129006264,NA,NA,0
US,1990-07-01,0.3935944134996364,NA,NA,0
US,1990-10-01,0.35863331237400276,NA,NA,0
US,1991-01-01,0.3190099428914551,NA,NA,0
US,1991-04-01,0.2754648870028614,NA,NA,0
US,1991-07-01,0.2288154014968222,NA,NA,0
US,1991-10-01,0.17993371072242237,NA,NA,0
US,1992-01-01,0.12972401867702196,NA,NA,0
US,1992-04-01,0.07909893140703327,NA,NA,0
US,1992-07-01,0.028955996866384105,NA,NA,0
US,1992-10-01,-0.019844936847223965,NA,NA,0
US,1993-01-01,-0.06650287243970182,NA,NA,0
US,1993-04-01,-0.11029470095875535,NA,NA,0
US,1993-07-01,-0.15059157294593786,NA,NA,0
US,1993-10-01,-0.18687213736740196,NA,NA,0
US,1994-01-01,-0.218732284333566,NA,NA,0
US,1994-04-01,-0.24589114085891364,NA,NA,0
US,1994-07-01,-0.2681931898644387,NA,NA,0
US,1994-10-01,-0.28560650734547177,NA,NA,0
US,1995-01-01,-0.2982172370494581,NA,NA,0
US,1995-04-01,-0.3062205420729488,NA,regular,0
US,1995-07-01,-0.30990838457882786,NA,NA,0
US,1995-10-01,-0.30965458471066803,NA,NA,0
US,1996-01-01,-0.3058976944918253,NA,NA,0
US,1996-04-01,-0.2991222892947003,NA,NA,0
US,1996-07-01,-0.28983932619553004,NA,NA,0
US,1996-10-01,-0.27856624370128014,NA,NA,0
US,1997-01-01,-0.26580748017032646,NA,NA,0
US,1997-04-01,-0.25203606870923256,NA,NA,0
US,1997-07-01,-0.23767692511538543,NA,NA,0
US,1997-10-01,-0.2230923839667746,NA,NA,0
US,1998-01-01,-0.20857045832106802,NA,NA,0
US,1998-04-01,-0.19431620335969438,NA,NA,0
US,1998-07-01,-0.18044645689023253,NA,NA,0
US,1998-10-01,-0.1669881134946054,NA,NA,0
US,1999-01-01,-0.15387996815500976,NA,NA,0
US,1999-04-01,-0.140978043429559,NA,NA,0
US,1999-07-01,-0.1280641957281867,NA,NA,0
US,1999-10-01,-0.11485768488236844,NA,NA,0
US,2000-01-01,-0.10102929068820422,NA,NA,0
US,2000-04-01,-0.08621747374072909,NA,NA,0
US,2000-07-01,-0.07004600849896221,NA,NA,0
US,2000-10-01,-0.05214246638584512,NA,NA,0
US,2001-01-01,-0.03215689744966206,NA,NA,0
US,2001-04-01,-0.00978005161189949,NA,NA,0
US,2001-07-01,0.015239505006131606,NA,NA,0
US,2001-10-01,0.0430799872851919,NA,NA,0
US,2002-01-01,0.07383325435705253,NA,NA,0
US,2002-04-01,0.10749441705124402,NA,NA,0
US,2002-07-01,0.14395457755163604,NA,NA,0
US,2002-10-01,0.18299698638597828,NA,NA,0
US,2003-01-01,0.2242967896635911,NA,NA,0
US,2003-04-01,0.26742442167485736,NA,NA,0
US,2003-07-01,0.3118525784656926,NA,NA,0
US,2003-10-01,0.3569665907343297,NA,NA,0
US,2004-01-01,0.4020779032081844,NA,NA,0
US,2004-04-01,0.44644026616774957,NA,NA,0
US,2004-07-01,0.4892681562766404,NA,NA,0
US,2004-10-01,0.5297568711908737,NA,NA,0
US,2005-01-01,0.5671036878579262,NA,NA,0
US,2005-04-01,0.6005294396685772,NA,NA,0
US,2005-07-01,0.629299853721021,NA,NA,0
US,2005-10-01,0.6527459967339907,NA,NA,0
US,2006-01-01,0.6702832062417751,NA,NA,0
US,2006-04-01,0.6814279315754865,NA,NA,0
US,2006-07-01,0.6858119750962468,NA,NA,0
US,2006-10-01,0.6831937059305396,NA,NA,0
US,2007-01-01,0.6734659132980744,NA,NA,0
US,2007-04-01,0.6566600712451998,NA,NA,0
US,2007-07-01,0.6329468977329015,NA,NA,1
US,2007-10-01,0.6026332049298903,weak,NA,0
US,2008-01-01,0.5661551505246308,NA,NA,0
US,2008-04-01,0.524068108259535,NA,NA,0
US,2008-07-01,0.4770334762580494,NA,NA,0
US,2008-10-01,0.4258028309136503,NA,NA,0
US,2009-01-01,0.371199909393622,NA,NA,0
US,2009-04-01,0.3141009629237589,NA,NA,0
US,2009-07-01,0.2554140642653662,NA,NA,0
US,2009-10-01,0.19605797508453893,NA,NA,0
US,2010-01-01,0.13694118179497522,NA,NA,0
US,2010-04-01,0.07894169212407244,NA,NA,0
US,2010-07-01,0.022888149932913094,NA,NA,0
US,2010-10-01,-0.030457225865839464,NA,NA,0
US,2011-01-01,-0.08041343914230437,NA,NA,0
US,2011-04-01,-0.12639289126133654,NA,NA,0
US,2011-07-01,-0.16791066184790443,NA,NA,0
US,2011-10-01,-0.2045907205224486,NA,NA,0
US,2012-01-01,-0.23616899369683547,NA,NA,0
US,2012-04-01,-0.26249330981237456,NA,NA,0
US,2012-07-01,-0.2835203425455268,NA,NA,0
US,2012-10-01,-0.299309761403285,NA,NA,0
US,2013-01-01,-0.3100158799423399,NA,NA,0
US,2013-04-01,-0.31587716109422703,NA,NA,0
US,2013-07-01,-0.31720399471779326,NA,NA,0
US,2013-10-01,-0.3143652029830296,NA,NA,0
US,2014-01-01,-0.30777375351088676,NA,NA,0
US,2014-04-01,-0.29787216791350507,NA,NA,0
US,2014-07-01,-0.2851181046321506,NA,NA,0
US,2014-10-01,-0.2699705704479131,NA,weak,0
US,2015-01-01,-0.2528771759594045,NA,NA,0
US,2015-04-01,-0.23426279837248457,NA,NA,0
US,2015-07-01,-0.21451995222672485,NA,NA,0
US,2015-10-01,-0.19400109761667916,NA,NA,0
US,2016-01-01,-0.17301303871557644,NA,NA,0
US,2016-04-01,-0.1518134857784884,NA,NA,0
US,2016-07-01,-0.130609774136241,NA,NA,0
US,2016-10-01,-0.10955965677663346,NA,NA,0
US,2017-01-01,-0.08877401557740529,NA,NA,0
US,2017-04-01,-0.06832127249333936,NA,NA,0
US,2017-07-01,-0.048233228072116316,NA,NA,0
US,2017-10-01,-0.028512012254313775,NA,NA,0
US,2018-01-01,-0.009137802734719713,NA,NA,0
US,2018-04-01,0.009923050019992111,NA,NA,0
US,2018-07-01,0.028709854428554994,NA,NA,0
US,2018-10-01,0.04725971836550774,NA,NA,0
US,2019-01-01,0.06560032698487503,NA,NA,0
US,2019-04-01,0.08374365059415166,NA,NA,0
US,2019-07-01,0.10168082974253029,NA,NA,0
US,2019-10-01,0.1193784308528843,NA,NA,0
US,2020-01-01,0.1367762058399249,NA,NA,0
US,2020-04-01,0.15378642554459826,NA,NA,0
US,2020-07-01,0.17029479189686633,NA,NA,0
US,2020-10-01,0.1861628699190559,NA,NA,0
US,2021-01-01,0.20123192034014498,NA,NA,0
US,2021-04-01,0.21532795888160322,NA,NA,0
US,2021-07-01,0.22826782112967978,NA,NA,0
US,2021-10-01,0.23986597395145096,weak,NA,0
US,2022-01-01,0.2499417869049064,NA,NA,0
US,2022-04-01,0.25832696089746643,NA,NA,0
US,2022-07-01,0.26487280689633147,NA,NA,0
US,2022-10-01,0.2694570747855294,NA,NA,0
US,2023-01-01,0.271990051066318,NA,NA,0
US,2023-04-01,0.2724196731697883,NA,NA,0
US,2023-07-01,0.2707354464816793,NA,NA,0
US,2023-10-01,0.26697099623579107,NA,NA,0
US,2024-01-01,0.2612051384180421,NA,NA,0
US,2024-04-01,0.253561409748821,NA,NA,0
US,2024-07-01,0.24420605456895397,NA,NA,0
US,2024-10-01,0.2333445238960308,NA,NA,0
US,2025-01-01,0.22121659693281567,NA,NA,0
US,2025-04-01,0.20809028590206868,NA,NA,0
US,2025-07-01,0.19425472944164035,NA,regular,0
